Nombre d'éléments, temps d'exécution
20, 0.0000187
40,0.0000244
80,0.0000584
100,0.0000820
200, 0.000275
400, 0.002271
800, 0.003858
1001,0.006910
