nombre d'éléments, temps d'execution
5,0.00000414
10,0.00152
15,0.0637
20,1.96
